epoch,train_loss,val_loss,train_mae,val_mae,lr,train_mae_bin_0,val_mae_bin_0,train_count_bin_0,val_count_bin_0,train_mae_bin_1,val_mae_bin_1,train_count_bin_1,val_count_bin_1,train_mae_bin_2,val_mae_bin_2,train_count_bin_2,val_count_bin_2,train_mae_bin_3,val_mae_bin_3,train_count_bin_3,val_count_bin_3,train_mae_bin_4,val_mae_bin_4,train_count_bin_4,val_count_bin_4,train_mae_bin_5,val_mae_bin_5,train_count_bin_5,val_count_bin_5,train_mae_bin_6,val_mae_bin_6,train_count_bin_6,val_count_bin_6,train_mae_bin_7,val_mae_bin_7,train_count_bin_7,val_count_bin_7
1,0.01154666090973053,0.0036986096566509045,0.0011854414989000365,0.001501957813518307,0.0009997532801828658,,,0,0,0.0019023001585935912,0.002429431548587243,75995,19321,4.330401765614223e-05,3.780877617556401e-05,47698,12239,,,0,0,,,0,0,,,0,0,,,0,0,,,0,0
2,0.011552960222970412,0.0036956239807490595,0.0011851169953376805,0.0015018730391976212,0.0009990133642141358,,,0,0,0.0019019942153345089,0.0024295232872922658,75995,19321,4.29499322602389e-05,3.744535295168168e-05,47698,12239,,,0,0,,,0,0,,,0,0,,,0,0,,,0,0
3,0.011527715352945245,0.0036980587880312155,0.0011850061639899444,0.001502770191437973,0.00099778098230154,,,0,0,0.0019019685372303604,0.0024306064251081536,75995,19321,4.27034219986442e-05,3.8048903108374704e-05,47698,12239,,,0,0,,,0,0,,,0,0,,,0,0,,,0,0
4,0.011588300421839066,0.003699609812200648,0.0011849842737880866,0.0015043000738232451,0.000996057350657239,,,0,0,0.0019020846676505996,0.0024326014654635405,75995,19321,4.246164299919143e-05,3.884446001163453e-05,47698,12239,,,0,0,,,0,0,,,0,0,,,0,0,,,0,0
5,0.011577983283904025,0.0036966976700405236,0.0011852048252444275,0.001501657971841732,0.0009938441702975688,,,0,0,0.0019021518045723522,0.002429245150852364,75995,19321,4.292662439129228e-05,3.7329847488978613e-05,47698,12239,,,0,0,,,0,0,,,0,0,,,0,0,,,0,0
6,0.011495598191279328,0.003700022511539806,0.0011849495137341908,0.0015037928090077567,0.0009911436253643444,,,0,0,0.0019019199565030436,0.002430069014684327,75995,19321,4.263392351988469e-05,4.1534253467147233e-05,47698,12239,,,0,0,,,0,0,,,0,0,,,0,0,,,0,0
7,0.011438490484627027,0.003703836884247924,0.0011847738276688263,0.0015047786508030842,0.0009879583809693736,,,0,0,0.0019018289547960959,0.002431656169460718,75995,19321,4.232331419509639e-05,4.1570830647150696e-05,47698,12239,,,0,0,,,0,0,,,0,0,,,0,0,,,0,0
8,0.01143640627057443,0.003696142877896195,0.001184828546396624,0.0015016447113462724,0.0009842915805643154,,,0,0,0.0019020428153508925,0.002429459957706661,75995,19321,4.212448152890202e-05,3.695655431653137e-05,47698,12239,,,0,0,,,0,0,,,0,0,,,0,0,,,0,0
9,0.011499421408621497,0.003694437353549223,0.001184870164880295,0.0015009638912685413,0.0009801468428384714,,,0,0,0.001901988121422104,0.0024282984798761954,75995,19321,4.231956441506378e-05,3.703451507224271e-05,47698,12239,,,0,0,,,0,0,,,0,0,,,0,0,,,0,0
10,0.011710234482301171,0.0037009961991550234,0.0011846084565569207,0.0015045901395287025,0.0009755282581475767,,,0,0,0.001901608916437328,0.0024336283039672673,75995,19321,4.224505887451796e-05,3.797142519707665e-05,47698,12239,,,0,0,,,0,0,,,0,0,,,0,0,,,0,0
11,0.011622445571424162,0.0037004450363948343,0.00118457837112553,0.0015035954881883306,0.0009704403844771127,,,0,0,0.001901739833556205,0.002431060404888254,75995,19321,4.195843951445688e-05,3.946037372471559e-05,47698,12239,,,0,0,,,0,0,,,0,0,,,0,0,,,0,0
12,0.01161326550766571,0.0037004682021106374,0.0011848586950737234,0.0015039799507901457,0.0009648882429441257,,,0,0,0.0019018961485069874,0.0024315889556126157,75995,19321,4.243635041045832e-05,3.9617373197883475e-05,47698,12239,,,0,0,,,0,0,,,0,0,,,0,0,,,0,0
13,0.011474793317106758,0.0036954125263819683,0.0011848966297121663,0.0015015430711750907,0.0009588773128419905,,,0,0,0.0019019356502780213,0.00242929886406452,75995,19321,4.24717756874054e-05,3.6948769318916324e-05,47698,12239,,,0,0,,,0,0,,,0,0,,,0,0,,,0,0
14,0.01152376822511139,0.0037005331847449014,0.0011848512692391353,0.0015039146669146369,0.0009524135262330098,,,0,0,0.0019017391173660658,0.002433649215166609,75995,19321,4.266727915558502e-05,3.6196619712268464e-05,47698,12239,,,0,0,,,0,0,,,0,0,,,0,0,,,0,0
15,0.011521594089552436,0.0036967470663452416,0.0011848654101963153,0.0015013544191565767,0.0009455032620941839,,,0,0,0.0019021042866045601,0.002428053543709593,75995,19321,4.2122136971535284e-05,3.842821447689317e-05,47698,12239,,,0,0,,,0,0,,,0,0,,,0,0,,,0,0
16,0.011512084252775926,0.00369780372853107,0.0011847396970537044,0.0015019871127197528,0.0009381533400219318,,,0,0,0.0019017700095595971,0.002429437916562889,75995,19321,4.2328726811053676e-05,3.787427965955449e-05,47698,12239,,,0,0,,,0,0,,,0,0,,,0,0,,,0,0
17,0.011545371883056793,0.00369826922708407,0.0011848247548046597,0.0015028846685765623,0.0009303710135019719,,,0,0,0.001901945930160334,0.00242973326049907,75995,19321,4.226901306260895e-05,3.97225142346368e-05,47698,12239,,,0,0,,,0,0,,,0,0,,,0,0,,,0,0
18,0.011536249633217909,0.0037008070834200885,0.001185042848531894,0.0015039402401396864,0.0009221639627510076,,,0,0,0.0019019747317272427,0.002431399942547369,75995,19321,4.278869131734578e-05,3.9813353486451346e-05,47698,12239,,,0,0,,,0,0,,,0,0,,,0,0,,,0,0
19,0.011650068609673225,0.0036947094162301064,0.0011847294817765059,0.001501029520361957,0.000913540287137281,,,0,0,0.001901939837448158,0.00242757084632092,75995,19321,4.2031653302679035e-05,3.8352430130782176e-05,47698,12239,,,0,0,,,0,0,,,0,0,,,0,0,,,0,0
20,0.011508677644060158,0.0037011611109936766,0.0011845873149992374,0.0015045587586241414,0.0009045084971874739,,,0,0,0.0019015839563091093,0.0024327355591879803,75995,19321,4.222998801165767e-05,3.92998408101612e-05,47698,12239,,,0,0,,,0,0,,,0,0,,,0,0,,,0,0
21,0.011554484648699135,0.0036991733495470346,0.0011846051721917832,0.0015020541600522326,0.0008950775061878453,,,0,0,0.0019017057377289036,0.0024285679454774593,75995,19321,4.208227682528697e-05,3.942054292717931e-05,47698,12239,,,0,0,,,0,0,,,0,0,,,0,0,,,0,0
22,0.011504592264233168,0.003695514380600019,0.00118454294534913,0.001500907140891565,0.0008852566213878948,,,0,0,0.0019014951563177545,0.002428559603077831,75995,19321,4.225641129561418e-05,3.647596263341163e-05,47698,12239,,,0,0,,,0,0,,,0,0,,,0,0,,,0,0
23,0.01158583095781781,0.003694328353938727,0.0011845851139587952,0.0015011092282535318,0.0008750555348152299,,,0,0,0.0019016844844034736,0.0024285010346716176,75995,19321,4.2064117860706955e-05,3.7089530500236435e-05,47698,12239,,,0,0,,,0,0,,,0,0,,,0,0,,,0,0
24,0.011498435669719583,0.0037029640916342458,0.0011843918208649345,0.0015041578576357236,0.0008644843137107058,,,0,0,0.0019013721622610808,0.002431469927446621,75995,19321,4.206046725842306e-05,4.026403483080995e-05,47698,12239,,,0,0,,,0,0,,,0,0,,,0,0,,,0,0
25,0.011489249841188673,0.0036964771736592364,0.0011848172788168868,0.0015016412196778434,0.0008535533905932738,,,0,0,0.00190188612563798,0.0024291554805528515,75995,19321,4.2344909419735745e-05,3.7428205257278006e-05,47698,12239,,,0,0,,,0,0,,,0,0,,,0,0,,,0,0
26,0.011591478443769796,0.0037001672559326304,0.001184845575403043,0.0015021956431008011,0.0008422735529643445,,,0,0,0.00190179904608072,0.0024307874243438316,75995,19321,4.255703867438555e-05,3.6281613740691536e-05,47698,12239,,,0,0,,,0,0,,,0,0,,,0,0,,,0,0
27,0.011583651972605843,0.003697480438405492,0.0011845992735208932,0.0015014675546104264,0.000830655932661826,,,0,0,0.0019018213352976253,0.0024295905697356906,75995,19321,4.188279754188079e-05,3.6293540475669366e-05,47698,12239,,,0,0,,,0,0,,,0,0,,,0,0,,,0,0
28,0.011479094471105953,0.0036965594075244516,0.0011844113827462386,0.001501279780162774,0.000818711994874345,,,0,0,0.0019015170738914404,0.002429240284927201,75995,19321,4.1880309913664e-05,3.636231262491218e-05,47698,12239,,,0,0,,,0,0,,,0,0,,,0,0,,,0,0
29,0.011512373739056494,0.003696367532528756,0.0011845478517109995,0.0015018910373577241,0.0008064535268264884,,,0,0,0.0019016440754967394,0.0024301429716516443,75995,19321,4.203185536434163e-05,3.651350649385023e-05,47698,12239,,,0,0,,,0,0,,,0,0,,,0,0,,,0,0
30,0.011472095108629713,0.0036978268057107334,0.001184399693914949,0.00150248196598081,0.0007938926261462368,,,0,0,0.0019014684915127555,0.0024291432227292464,75995,19321,4.192740009317329e-05,3.9615538246435486e-05,47698,12239,,,0,0,,,0,0,,,0,0,,,0,0,,,0,0
31,0.011538906429304415,0.0036967571488342866,0.0011845590473896193,0.0015014609812373542,0.0007810416889260655,,,0,0,0.0019017042068796767,0.002429577035720945,75995,19321,4.196509462899867e-05,3.6297952320548607e-05,47698,12239,,,0,0,,,0,0,,,0,0,,,0,0,,,0,0
32,0.011618042928846094,0.003693833914330154,0.0011845393211124846,0.0015008586026564817,0.0007679133974894984,,,0,0,0.0019015933701457576,0.0024281851185028545,75995,19321,4.209052910206735e-05,3.694197427481337e-05,47698,12239,,,0,0,,,0,0,,,0,0,,,0,0,,,0,0
33,0.011516734560780058,0.0036997355566133127,0.0011844593752579518,0.001503585581556138,0.0007545207078751858,,,0,0,0.001901541045440339,0.0024316581829785214,75995,19321,4.196658527254795e-05,3.849115538038283e-05,47698,12239,,,0,0,,,0,0,,,0,0,,,0,0,,,0,0
34,0.011603521980434505,0.003695428100568319,0.001184024601393232,0.0015012058564269587,0.0007408768370508578,,,0,0,0.0019012160729644607,0.002428667371933464,75995,19321,4.1356862717764376e-05,3.7076116951647574e-05,47698,12239,,,0,0,,,0,0,,,0,0,,,0,0,,,0,0
35,0.01157009798629618,0.003693726340490122,0.0011843884477062085,0.0015005634604462338,0.0007269952498697736,,,0,0,0.0019014759990988695,0.002427932647161586,75995,19321,4.188627797236319e-05,3.657947282362551e-05,47698,12239,,,0,0,,,0,0,,,0,0,,,0,0,,,0,0
36,0.011553932960472706,0.003695383062980879,0.001184325098117761,0.001501005592553685,0.0007128896457825365,,,0,0,0.0019015817302488582,0.0024279820108220208,75995,19321,4.1553542484266736e-05,3.764164322850305e-05,47698,12239,,,0,0,,,0,0,,,0,0,,,0,0,,,0,0
37,0.011509579339189483,0.0036973836493679278,0.0011841978359755205,0.0015014150806494115,0.0006985739453173904,,,0,0,0.001901292925660885,0.00242944747546678,75995,19321,4.168365981692363e-05,3.6384118116412114e-05,47698,12239,,,0,0,,,0,0,,,0,0,,,0,0,,,0,0
38,0.011533128457893789,0.0036988476393217604,0.0011841710310589678,0.001502242557474938,0.0006840622763423392,,,0,0,0.0019013120237414912,0.002430870985074344,75995,19321,4.158371484107024e-05,3.627068131564523e-05,47698,12239,,,0,0,,,0,0,,,0,0,,,0,0,,,0,0
39,0.011580391315970396,0.003694198647782818,0.0011840830513811275,0.0015005739597526659,0.0006693689601226459,,,0,0,0.0019011947212076127,0.0024281134559638253,75995,19321,4.1542456609605354e-05,3.632110573863272e-05,47698,12239,,,0,0,,,0,0,,,0,0,,,0,0,,,0,0
40,0.01156826923622276,0.003696007708169305,0.001184237892934559,0.0015015684770070062,0.0006545084971874739,,,0,0,0.001901298277433847,0.002428769508454529,75995,19321,4.177900826566437e-05,3.7849946548295246e-05,47698,12239,,,0,0,,,0,0,,,0,0,,,0,0,,,0,0
41,0.011547102978550482,0.003699558644321055,0.0011840636310997362,0.0015035487376947646,0.0006394955530196148,,,0,0,0.0019011421952486033,0.0024294259037305416,75995,19321,4.1575785794794164e-05,4.192011325458946e-05,47698,12239,,,0,0,,,0,0,,,0,0,,,0,0,,,0,0
42,0.011542748653125495,0.0036978737614877435,0.0011843529912544705,0.0015018859603014732,0.0006243449435824275,,,0,0,0.0019015219550061182,0.0024298199102093135,75995,19321,4.172111417109699e-05,3.701041490814707e-05,47698,12239,,,0,0,,,0,0,,,0,0,,,0,0,,,0,0
43,0.01154628917681761,0.003695685023056663,0.0011841816995411564,0.001501580718794626,0.0006090716206982715,,,0,0,0.0019013542853181463,0.0024285641499634937,75995,19321,4.15440447471426e-05,3.820570448811238e-05,47698,12239,,,0,0,,,0,0,,,0,0,,,0,0,,,0,0
44,0.011516907950268426,0.0036983287167115402,0.0011840796597040709,0.0015024197786855432,0.0005936906572928626,,,0,0,0.0019012366089558195,0.0024299303804964684,75995,19321,4.146690787081881e-05,3.8212547039064335e-05,47698,12239,,,0,0,,,0,0,,,0,0,,,0,0,,,0,0
45,0.011549633548663158,0.0036971854549125594,0.0011840775083692902,0.0015013053409458437,0.0005782172325201157,,,0,0,0.0019011773118729866,0.0024291443820064697,75995,19321,4.155581628097025e-05,3.6579622168912544e-05,47698,12239,,,0,0,,,0,0,,,0,0,,,0,0,,,0,0
46,0.011499958047080563,0.0036978642794265825,0.0011838988816351835,0.001501855427721006,0.0005626666167821524,,,0,0,0.0019009900789440464,0.0024298156534837637,75995,19321,4.1390905155172015e-05,3.6938401649431594e-05,47698,12239,,,0,0,,,0,0,,,0,0,,,0,0,,,0,0
47,0.011543338479605652,0.0036948839314180134,0.001184028873629334,0.0015008309361181388,0.0005470541566592573,,,0,0,0.0019011645148503747,0.002428530855330578,75995,19321,4.145008073017673e-05,3.6324837178331094e-05,47698,12239,,,0,0,,,0,0,,,0,0,,,0,0,,,0,0
48,0.011467667004369115,0.003695926337728793,0.0011839212935991954,0.0015009832244073304,0.000531395259764657,,,0,0,0.001901027342136678,0.002428670870192495,75995,19321,4.1389644577286565e-05,3.6496503678928085e-05,47698,12239,,,0,0,,,0,0,,,0,0,,,0,0,,,0,0
49,0.011423909218307642,0.0036955706801636416,0.0011839331954543453,0.0015012588691592635,0.0005157053795390644,,,0,0,0.0019008825631932835,0.002428755331989408,75995,19321,4.165118747070141e-05,3.7073959182861585e-05,47698,12239,,,0,0,,,0,0,,,0,0,,,0,0,,,0,0
50,0.01160924499318773,0.003699637366294553,0.0011839897971893621,0.0015018445398581493,0.0005000000000000002,,,0,0,0.0019011944073527016,0.00243015428187601,75995,19321,4.13011216790922e-05,3.637574335662702e-05,47698,12239,,,0,0,,,0,0,,,0,0,,,0,0,,,0,0
51,0.011510658047571357,0.003694656927593605,0.0011836494463293259,0.0015009414155348422,0.00048429462046093607,,,0,0,0.0019006623132579595,0.002428001802661923,75995,19321,4.126626260795921e-05,3.744490260444521e-05,47698,12239,,,0,0,,,0,0,,,0,0,,,0,0,,,0,0
52,0.01154502443370444,0.0036951103115572944,0.0011837732448877452,0.0015015600563051826,0.0004686047402353435,,,0,0,0.0019008048291599556,0.002429735543219397,75995,19321,4.136024877801788e-05,3.6303206357373065e-05,47698,12239,,,0,0,,,0,0,,,0,0,,,0,0,,,0,0
53,0.011540047607784383,0.00369933883038955,0.0011839281749255932,0.0015036266771164273,0.000452945843340743,,,0,0,0.0019010085928409407,0.002431242600583441,75995,19321,4.143737758791039e-05,3.92531777748777e-05,47698,12239,,,0,0,,,0,0,,,0,0,,,0,0,,,0,0
54,0.011547592553633383,0.003697741299069986,0.0011838043874079613,0.001501689112001547,0.00043733338321784806,,,0,0,0.001900926853448429,0.0024295024096494706,75995,19321,4.124658553826873e-05,3.7004033662063e-05,47698,12239,,,0,0,,,0,0,,,0,0,,,0,0,,,0,0
55,0.011586048751162164,0.0036966530498034876,0.0011837305908085976,0.0015014227365208297,0.0004217827674798847,,,0,0,0.0019008410444327798,0.0024287575782625387,75995,19321,4.1191931211108555e-05,3.749297321026055e-05,47698,12239,,,0,0,,,0,0,,,0,0,,,0,0,,,0,0
