epoch,train_loss,val_loss,train_mae,val_mae,lr,train_mae_bin_0,val_mae_bin_0,train_count_bin_0,val_count_bin_0,train_mae_bin_1,val_mae_bin_1,train_count_bin_1,val_count_bin_1,train_mae_bin_2,val_mae_bin_2,train_count_bin_2,val_count_bin_2,train_mae_bin_3,val_mae_bin_3,train_count_bin_3,val_count_bin_3,train_mae_bin_4,val_mae_bin_4,train_count_bin_4,val_count_bin_4
1,0.009205573443318443,0.007639898138806726,0.000856742821135042,0.002991335146968877,0.0009997532801828658,0.018345972452921366,0.01826206853023227,3644,4025,0.00042380149271757395,0.0015939444428388712,70815,16924,0.00015843229097777238,0.00011131298773584714,47435,12223,0.0004067222780165604,0.0006904814183395886,221,369,0.0010885011884077267,0.0002778947643505839,655,650
2,0.009032338331780077,0.007590350115349709,0.0007911024684058147,0.0029560063188014923,0.0009990133642141358,0.01831423380875011,0.01828006976232025,3644,4025,0.0003747894920671657,0.0015592959967788654,70815,16924,6.856321841049843e-05,5.9707734733553284e-05,47435,12223,0.0002499835315834451,0.000382344531588481,221,369,0.0008218650718026071,0.0003555573895573616,655,650
3,0.009009381812602923,0.0075832250792915515,0.0007827848826807835,0.0029663737780196583,0.00099778098230154,0.01831174099871032,0.018277334511650273,3644,4025,0.00036908549604175504,0.001573821761056074,70815,16924,5.599382336328892e-05,6.43966848540788e-05,47435,12223,0.0002111006971346994,0.0006047663041709123,221,369,0.0008168038693116711,0.00032519308241227496,655,650
4,0.0090436420566345,0.007597586542335901,0.0007800323666392218,0.0029749832623587958,0.000996057350657239,0.018291631417295822,0.018278280158775934,3644,4025,0.00036885063815386845,0.0015696920678846997,70815,16924,5.0747059964351735e-05,5.9481325604958437e-05,47435,12223,0.00021222409134379343,0.0013554599426758064,221,369,0.0008177444966197127,0.0005460031305511411,655,650
5,0.008943862614708203,0.007578278196987337,0.0007777216441771099,0.0029579429044600493,0.0009938441702975688,0.01829950229628386,0.018296459158940345,3644,4025,0.00036818564123264493,0.0015606838419670885,70815,16924,4.537123070089919e-05,5.337809471223465e-05,47435,12223,0.0002132401407822204,0.00045670998879161924,221,369,0.0008017150716072318,0.00039661270673744956,655,650
6,0.009022528247811317,0.007561872487320282,0.000777880687456018,0.002957069663388039,0.0009911436253643444,0.018322342435084207,0.0182737090100783,3644,4025,0.000367355252470652,0.0015607167253883962,70815,16924,4.5183803439018594e-05,5.9063638669493634e-05,47435,12223,0.00020738503490353417,0.00043680265752963347,221,369,0.0008097838561311861,0.00039508588755360016,655,650
7,0.008928069475794862,0.0075752613476709856,0.0007776785286925833,0.002959067657593447,0.0009879583809693736,0.018307855514699337,0.018286735759758803,3644,4025,0.0003681066433193873,0.0015633869993964477,70815,16924,4.5247532768715716e-05,5.676720962952419e-05,47435,12223,0.00020500802738793254,0.0004406885211535813,221,369,0.000767438157236862,0.000390968679342992,655,650
8,0.009033110762551774,0.007588910480900398,0.0007778788596441973,0.002966832294861791,0.0009842915805643154,0.018314125689249932,0.018289414738646204,3644,4025,0.00036836271137427866,0.001566622782232956,70815,16924,4.4568320660269954e-05,7.261783148229956e-05,47435,12223,0.00020626625538001898,0.000431243079229571,221,369,0.0007911830932889574,0.00040585969180728383,655,650
9,0.00906081775239494,0.007579142320060199,0.0007768442038135795,0.0029617323339215435,0.0009801468428384714,0.01830881566980144,0.01828133405735774,3644,4025,0.0003666582791193272,0.0015616532346206266,70815,16924,4.515641831015987e-05,6.134036103095622e-05,47435,12223,0.0002238005088582715,0.0006682809991941871,221,369,0.0007625619603841048,0.0003945276212806885,655,650
10,0.00898270598126317,0.007577949629477471,0.0007777127634394521,0.0029624542138774164,0.0009755282581475767,0.018322680305621078,0.018283150901335365,3644,4025,0.0003671529501065541,0.0015641282331674187,70815,16924,4.516556796237797e-05,6.321723228395054e-05,47435,12223,0.00027590395633960395,0.0005823996635062398,221,369,0.0007765024001133594,0.000370266680032588,655,650
11,0.009070933328574443,0.0075805655706472855,0.0007775883295427189,0.002961085873051048,0.0009704403844771127,0.018304580369504907,0.018292031505648395,3644,4025,0.00036833070986922286,0.0015632640553102184,70815,16924,4.491073636598163e-05,5.811581882561937e-05,47435,12223,0.00027778447803931115,0.0006017204404282977,221,369,0.0007443634550375859,0.0003507615726154584,655,650
12,0.008983078106559806,0.0075795198059075124,0.0007784029061426155,0.002960604841789217,0.0009648882429441257,0.018316129853100563,0.01829358149111641,3644,4025,0.0003698266008634059,0.0015610743440967537,70815,16924,4.414617151807156e-05,6.400605718593258e-05,47435,12223,0.00020486211918591525,0.0004679140717098439,221,369,0.0007510358833384394,0.0003380706963630823,655,650
13,0.008986585953701597,0.007583155401682182,0.0007796306650268385,0.0029637321265250814,0.0009588773128419905,0.018312599835287994,0.018295246027641415,3644,4025,0.0003717755985333073,0.0015637797824876647,70815,16924,4.434684918611691e-05,6.511327981641637e-05,47435,12223,0.0002029248050484349,0.0005053464092738891,221,369,0.0007762061212447789,0.0003797509499753897,655,650
14,0.009019490664620707,0.007575128231017182,0.0007792849142519413,0.0029606525395497146,0.0009524135262330098,0.018313704696488062,0.018285094897569337,3644,4025,0.0003700902005891157,0.0015627088276226806,70815,16924,4.5368042742409706e-05,5.8459031552521965e-05,47435,12223,0.00020917730392889242,0.0006475079505181263,221,369,0.0008114050701882634,0.000352930139678602,655,650
15,0.0089470155117324,0.0075768069964391145,0.0007786023386395206,0.002963421979839348,0.0009455032620941839,0.018314025941972942,0.018279430871794684,3644,4025,0.00037062433195113125,0.0015654214579442992,70815,16924,4.3781031623755216e-05,6.059363766868127e-05,47435,12223,0.00021570190671821887,0.0007947330201170243,221,369,0.0007366612861852717,0.00033933295832517054,655,650
16,0.008945397794991952,0.007580644124864084,0.0007786559470181007,0.0029623396279489463,0.0009381533400219318,0.01831415885218619,0.01829241768358657,3644,4025,0.00037003117535736225,0.0015629657643771886,70815,16924,4.43271562646844e-05,5.79021333396489e-05,47435,12223,0.00020289396216533972,0.0007334328322405713,221,369,0.0007748705347472173,0.0003513310566687813,655,650
17,0.009043479278580058,0.007583877420526681,0.0007775319318389939,0.0029628548344571085,0.0009303710135019719,0.018310745095151234,0.018295196494700745,3644,4025,0.00036893545082031633,0.0015633604606978832,70815,16924,4.3767984157830246e-05,5.790472794506264e-05,47435,12223,0.00020395715979264515,0.000746869050629808,221,369,0.0007417816943707849,0.00034327215443436914,655,650
18,0.008992217402064556,0.0075958116168837134,0.0007805662973152535,0.0029666635113828983,0.0009221639627510076,0.018319704625991317,0.018311769185784442,3644,4025,0.00037350890410478853,0.0015680020858085024,70815,16924,4.41599436656936e-05,5.865319370006913e-05,47435,12223,0.00020304169180951549,0.0006421484822690674,221,369,0.0007381498318253074,0.0003655125863420276,655,650
19,0.009006790007897022,0.007590126578170036,0.000780306806491391,0.0029707694760528667,0.000913540287137281,0.018315248883810583,0.018283835964173264,3644,4025,0.00037321645726812045,0.0015671783766143122,70815,16924,4.420959892781587e-05,7.395124652165599e-05,47435,12223,0.00020521099164126424,0.0008039564415380273,221,369,0.000741591131439493,0.0003963795637425322,655,650
20,0.008981087215041487,0.007577940952050101,0.0007780385853042159,0.0029615812742276606,0.0009045084971874739,0.018312372192026742,0.018287897808766513,3644,4025,0.0003691835196981951,0.0015637119591199629,70815,16924,4.4392572147704964e-05,5.898444018099774e-05,47435,12223,0.00021628918389213477,0.0006204878523403799,221,369,0.0007514814815197615,0.0003637661283405928,655,650
21,0.00891896914986868,0.007594189958282926,0.0007780591096089775,0.002966797377359254,0.0008950775061878453,0.01831654933692786,0.018301681518924903,3644,4025,0.00036952102661753005,0.0015670615199285284,70815,16924,4.384423040537904e-05,5.773439544267452e-05,47435,12223,0.00020230549125699326,0.0008147799909265641,221,369,0.0007400293714176457,0.0003787844448995132,655,650
22,0.0090450818728557,0.00757898437133362,0.0007793558024828395,0.0029616355395610415,0.0008852566213878948,0.018319596081857945,0.018289716553799115,3644,4025,0.0003707242576295065,0.001562335224831051,70815,16924,4.46259355822708e-05,6.105093187438898e-05,47435,12223,0.00020441614206363046,0.0006333101312626724,221,369,0.0007787147568768617,0.00034506594905486473,655,650
23,0.00901935449647012,0.0075857499081417624,0.0007768839673143934,0.0029622509849830817,0.0008750555348152299,0.018311451795200998,0.018297926343005637,3644,4025,0.0003678443864614295,0.001562907383611768,70815,16924,4.374463206704475e-05,5.69600040131171e-05,47435,12223,0.00020205290688226016,0.000674900292602827,221,369,0.0007366927342529018,0.0003650219838779706,655,650
24,0.00910098217201291,0.007591566162632491,0.0007779819006661654,0.0029654338200369615,0.0008644843137107058,0.018312867942801153,0.01830375547734847,3644,4025,0.00036995511947250566,0.001571991657341376,70815,16924,4.321544699664777e-05,5.870861453587639e-05,47435,12223,0.00020162935508441442,0.000501935868147006,221,369,0.0007448713955982523,0.00032513068666538365,655,650
25,0.008962821770873453,0.007574577225930385,0.0007757314396134956,0.0029604610462976937,0.0008535533905932738,0.01830230519138407,0.018287054416000474,3644,4025,0.00036660294761101483,0.0015624174558484737,70815,16924,4.3519148410671855e-05,6.0916541275167866e-05,47435,12223,0.0002009309544156904,0.0004780622926615759,221,369,0.0007224801978958817,0.0003882911504031374,655,650
26,0.009074093533574855,0.007597866151472146,0.0007765718324161799,0.00296506745141919,0.0008422735529643445,0.018307170845690154,0.018311622980403605,3644,4025,0.0003678876645395521,0.0015630705894115176,70815,16924,4.310907945001793e-05,6.026055580408022e-05,47435,12223,0.00020922387762988679,0.0006235919567913468,221,369,0.0007409322100428452,0.0003911723826940243,655,650
